Date,change_in_pnl,Equity
2018-07-20,0.0,0.0
2018-07-23,1.2999999999999972,1.2999999999999972
2018-07-24,7.699999999999999,8.999999999999996
2018-07-25,19.880000000000003,28.88
2018-07-26,0.0,28.88
2018-07-27,-7.3999999999999995,21.48
2018-07-30,-1.18,20.3
2018-07-31,0.0,20.3
2018-08-01,0.0,20.3
2018-08-02,-1.620000000000001,18.68
2018-08-03,0.0,18.68
2018-08-06,4.879999999999999,23.56
2018-08-07,6.569999999999997,30.129999999999995
2018-08-08,0.0,30.129999999999995
2018-08-09,-2.759999999999998,27.369999999999997
2018-08-10,-6.350000000000001,21.019999999999996
2018-08-13,-2.5999999999999996,18.419999999999995
2018-08-14,3.009999999999998,21.429999999999993
2018-08-15,-4.919999999999999,16.509999999999994
2018-08-16,4.2299999999999995,20.739999999999995
2018-08-17,3.1899999999999995,23.929999999999993
2018-08-20,0.6400000000000023,24.569999999999993
2018-08-21,3.0899999999999963,27.65999999999999
2018-08-22,-1.889999999999997,25.769999999999992
2018-08-23,-3.620000000000001,22.14999999999999
2018-08-24,9.059999999999999,31.20999999999999
2018-08-28,0.0,31.20999999999999
2018-08-29,8.61,39.81999999999999
2018-08-30,0.0,39.81999999999999
2018-08-31,-5.02,34.8
2018-09-04,10.670000000000002,45.47
2018-09-05,0.25,45.72
2018-09-06,-1.5000000000000018,44.22
2018-09-07,-1.759999999999998,42.46
2018-09-10,-0.19000000000000128,42.269999999999996
2018-09-11,2.58,44.849999999999994
2018-09-12,-0.870000000000001,43.97999999999999
2018-09-13,3.1899999999999995,47.16999999999999
2018-09-14,1.2500000000000036,48.41999999999999
2018-09-17,-5.450000000000001,42.969999999999985
2018-09-18,4.82,47.789999999999985
2018-09-19,1.009999999999998,48.79999999999998
2018-09-20,6.870000000000001,55.66999999999999
2018-09-21,0.0,55.66999999999999
2018-09-24,-4.539999999999999,51.12999999999999
2018-09-25,-3.160000000000001,47.969999999999985
2018-09-26,-2.5999999999999996,45.36999999999998
2018-09-27,-0.33000000000000007,45.039999999999985
2018-09-28,-1.47,43.569999999999986
2018-10-01,20.7,64.26999999999998
2018-10-02,0.0,64.26999999999998
2018-10-03,-2.5000000000000036,61.76999999999998
2018-10-04,-11.899999999999999,49.86999999999998
2018-10-05,-1.7500000000000036,48.119999999999976
2018-10-08,-5.609999999999998,42.50999999999998
2018-10-09,2.8599999999999994,45.369999999999976
2018-10-10,-12.79,32.57999999999998
2018-10-11,-1.0899999999999999,31.489999999999977
2018-10-12,-0.3700000000000001,31.119999999999976
2018-10-15,0.0,31.119999999999976
2018-10-16,17.010000000000005,48.12999999999998
2018-10-17,0.0,48.12999999999998
2018-10-18,-15.150000000000002,32.979999999999976
2018-10-19,-1.899999999999995,31.07999999999998
2018-10-22,-5.410000000000004,25.669999999999977
2018-10-23,-6.1099999999999985,19.559999999999977
2018-10-24,-4.380000000000001,15.179999999999977
2018-10-25,1.13,16.309999999999977
2018-10-26,0.0,16.309999999999977
2018-10-29,-37.669999999999995,-21.360000000000017
2018-10-30,16.9,-4.460000000000019
2018-10-31,0.0,-4.460000000000019
2018-11-01,2.3499999999999943,-2.1100000000000243
2018-11-02,-4.549999999999997,-6.6600000000000215
2018-11-05,7.150000000000006,0.4899999999999842
2018-11-06,-8.400000000000006,-7.9100000000000215
2018-11-07,3.530000000000001,-4.38000000000002
2018-11-08,21.42,17.03999999999998
2018-11-09,-4.099999999999994,12.939999999999987
2018-11-12,-3.500000000000007,9.43999999999998
2018-11-13,1.8000000000000043,11.239999999999984
2018-11-14,-17.700000000000003,-6.460000000000019
2018-11-15,-2.5,-8.960000000000019
2018-11-16,14.0,5.039999999999981
2018-11-19,-8.5,-3.4600000000000186
2018-11-20,-2.450000000000001,-5.91000000000002
2018-11-21,-0.05999999999999872,-5.970000000000018
2018-11-23,-1.5200000000000002,-7.490000000000019
2018-11-26,1.9900000000000004,-5.500000000000019
2018-11-27,0.0,-5.500000000000019
2018-11-28,35.980000000000004,30.479999999999986
2018-11-29,0.0,30.479999999999986
2018-11-30,8.049999999999999,38.52999999999999
2018-12-03,22.849999999999998,61.37999999999998
2018-12-04,0.0,61.37999999999998
2018-12-06,-13.159999999999997,48.219999999999985
2018-12-07,-9.84,38.37999999999998
2018-12-10,-4.129999999999999,34.249999999999986
2018-12-11,-2.8000000000000007,31.449999999999985
2018-12-12,0.6999999999999993,32.149999999999984
2018-12-13,-3.6999999999999993,28.449999999999985
2018-12-14,0.0,28.449999999999985
2018-12-17,-21.799999999999997,6.649999999999988
2018-12-18,3.4200000000000017,10.06999999999999
2018-12-19,-14.44,-4.37000000000001
2018-12-20,-3.880000000000001,-8.25000000000001
2018-12-21,-3.47,-11.720000000000011
2018-12-24,-0.9999999999999998,-12.720000000000011
2018-12-26,0.7000000000000001,-12.020000000000012
2018-12-27,0.0,-12.020000000000012
2018-12-28,-0.6900000000000013,-12.710000000000013
2018-12-31,-14.04,-26.750000000000014
2019-01-02,35.05000000000001,8.299999999999997
2019-01-03,5.549999999999997,13.849999999999994
2019-01-04,-1.0,12.849999999999994
2019-01-07,0.0,12.849999999999994
2019-01-08,11.059999999999995,23.90999999999999
2019-01-09,6.439999999999998,30.349999999999987
2019-01-10,-0.7499999999999858,29.6
2019-01-11,-1.0500000000000114,28.54999999999999
2019-01-14,-8.560000000000002,19.989999999999988
2019-01-15,15.760000000000005,35.74999999999999
2019-01-16,13.400000000000006,49.15
2019-01-17,6.239999999999995,55.38999999999999
2019-01-18,31.03,86.41999999999999
2019-01-22,0.0,86.41999999999999
2019-01-23,2.9100000000000037,89.32999999999998
2019-01-24,-4.350000000000001,84.97999999999999
2019-01-25,15.59,100.57
2019-01-29,0.0,100.57
2019-01-30,23.200000000000003,123.77
2019-01-31,18.179999999999993,141.95
2019-02-01,-10.599999999999994,131.35
2019-02-04,-4.030000000000001,127.32
2019-02-05,2.1899999999999977,129.51
2019-02-06,0.0,129.51
2019-02-07,-14.549999999999997,114.96
2019-02-08,-1.3000000000000007,113.66
2019-02-11,2.1000000000000014,115.75999999999999
2019-02-12,18.099999999999998,133.85999999999999
2019-02-13,8.989999999999995,142.84999999999997
2019-02-14,-10.25,132.59999999999997
2019-02-15,15.660000000000004,148.25999999999996
2019-02-19,2.460000000000001,150.71999999999997
2019-02-20,0.04000000000000625,150.76
2019-02-21,-8.660000000000004,142.1
2019-02-22,13.810000000000002,155.91
2019-02-25,10.68,166.59
2019-02-26,-5.3799999999999955,161.21
2019-02-27,-3.2700000000000102,157.94
2019-02-28,0.6000000000000014,158.54
2019-03-04,11.669999999999995,170.20999999999998
2019-03-05,1.2000000000000028,171.40999999999997
2019-03-06,-10.39,161.01999999999998
2019-03-07,-15.659999999999997,145.35999999999999
2019-03-08,-12.050000000000004,133.30999999999997
2019-03-11,30.500000000000007,163.80999999999997
2019-03-12,0.0,163.80999999999997
2019-03-13,10.030000000000001,173.83999999999997
2019-03-14,-3.509999999999998,170.32999999999998
2019-03-15,9.11,179.44
2019-03-19,0.0,179.44
2019-03-20,-3.1899999999999977,176.25
2019-03-21,19.500000000000004,195.75
2019-03-22,-25.180000000000003,170.57
2019-03-25,-6.300000000000001,164.26999999999998
2019-03-26,3.049999999999999,167.32
2019-03-27,-5.879999999999999,161.44
2019-03-28,-0.7200000000000002,160.72
2019-03-29,0.7000000000000002,161.42
2019-04-01,44.800000000000004,206.22
2019-04-02,0.18999999999999773,206.41
2019-04-03,3.819999999999993,210.23
2019-04-04,-66.21,144.01999999999998
2019-04-08,0.0,144.01999999999998
2019-04-09,-3.330000000000002,140.68999999999997
2019-04-10,1.1799999999999997,141.86999999999998
2019-04-11,0.0,141.86999999999998
2019-04-12,10.030000000000001,151.89999999999998
2019-04-15,0.0,151.89999999999998
2019-04-16,1.5,153.39999999999998
2019-04-18,-5.209999999999999,148.18999999999997
2019-04-22,0.0,148.18999999999997
2019-04-23,13.53,161.71999999999997
2019-04-24,0.0,161.71999999999997
2019-04-25,-5.23,156.48999999999998
2019-04-26,3.9299999999999997,160.42
2019-04-30,0.0,160.42
2019-05-01,0.0,160.42
2019-05-02,0.0,160.42
2019-05-03,0.0,160.42
2019-05-06,0.0,160.42
2019-05-07,-15.659999999999997,144.76
2019-05-08,3.919999999999998,148.67999999999998
2019-05-09,-10.48,138.2
2019-05-10,-1.1999999999999975,137.0
2019-05-13,-12.629999999999999,124.37
2019-05-14,0.7000000000000002,125.07000000000001
2019-05-15,1.2900000000000005,126.36000000000001
2019-05-16,2.8599999999999994,129.22000000000003
2019-05-17,-4.15,125.07000000000002
2019-05-20,-2.45,122.62000000000002
2019-05-21,0.5,123.12000000000002
2019-05-22,-1.25,121.87000000000002
2019-05-23,-0.7,121.17000000000002
2019-05-28,0.8500000000000001,122.02000000000001
2019-05-29,0.0,122.02000000000001
2019-05-30,0.0,122.02000000000001
2019-05-31,-0.08,121.94000000000001
2019-06-03,1.0999999999999999,123.04
2019-06-04,1.4000000000000004,124.44000000000001
2019-06-05,0.0,124.44000000000001
2019-06-06,11.839999999999996,136.28
2019-06-10,20.699999999999996,156.98
2019-06-11,-2.0,154.98
2019-06-12,-2.1499999999999915,152.82999999999998
2019-06-13,2.9000000000000057,155.73
2019-06-14,-0.8500000000000085,154.88
2019-06-17,5.920000000000002,160.8
2019-06-18,19.180000000000007,179.98000000000002
2019-06-19,5.039999999999992,185.02
2019-06-20,-5.449999999999989,179.57000000000002
2019-06-21,29.219999999999985,208.79000000000002
2019-06-24,-1.9799999999999898,206.81000000000003
2019-06-25,-28.10000000000001,178.71000000000004
2019-06-26,-3.539999999999992,175.17000000000004
2019-06-27,4.790000000000006,179.96000000000004
2019-06-28,7.389999999999986,187.35000000000002
2019-07-01,-127.02,60.33000000000003
2019-07-02,152.62,212.95000000000005
2019-07-03,-14.550000000000011,198.40000000000003
2019-07-05,0.0,198.40000000000003
2019-07-08,-6.949999999999996,191.45000000000005
2019-07-09,-2.3000000000000007,189.15000000000003
2019-07-10,9.739999999999998,198.89000000000004
2019-07-11,-1.9399999999999977,196.95000000000005
2019-07-15,0.0,196.95000000000005
2019-07-16,-4.949999999999999,192.00000000000006
2019-07-17,-7.660000000000002,184.34000000000006
2019-07-18,1.7600000000000033,186.10000000000005
2019-07-19,0.0,186.10000000000005
2019-07-22,-5.859999999999999,180.24000000000007
2019-07-25,0.0,180.24000000000007
2019-07-26,14.949999999999996,195.19000000000005
2019-07-29,0.0,195.19000000000005
2019-07-30,-5.7,189.49000000000007
2019-07-31,-7.340000000000001,182.15000000000006
2019-08-01,12.44,194.59000000000006
2019-08-02,-3.8999999999999986,190.69000000000005
2019-08-05,-6.940000000000001,183.75000000000006
2019-08-06,0.33000000000000007,184.08000000000007
2019-08-07,0.0,184.08000000000007
2019-08-08,25.040000000000006,209.12000000000006
2019-08-09,0.0,209.12000000000006
2019-08-12,-22.94,186.18000000000006
2019-08-13,21.689999999999994,207.87000000000006
2019-08-14,0.0,207.87000000000006
2019-08-15,-0.8000000000000043,207.07000000000005
2019-08-16,16.299999999999997,223.37000000000006
2019-08-20,0.0,223.37000000000006
2019-08-21,9.939999999999998,233.31000000000006
2019-08-22,-0.21999999999999886,233.09000000000006
2019-08-23,-32.22,200.87000000000006
2019-08-26,2.5699999999999985,203.44000000000005
2019-08-27,0.0,203.44000000000005
2019-08-28,7.080000000000002,210.52000000000007
2019-08-29,26.200000000000003,236.72000000000008
2019-08-30,0.0,236.72000000000008
2019-09-03,21.29,258.0100000000001
2019-09-04,-9.560000000000002,248.4500000000001
2019-09-06,0.0,248.4500000000001
2019-09-09,9.019999999999992,257.4700000000001
2019-09-10,-7.049999999999997,250.42000000000007
2019-09-11,6.5000000000000036,256.9200000000001
2019-09-12,0.0,256.9200000000001
2019-09-13,-6.550000000000001,250.37000000000006
2019-09-16,-6.379999999999999,243.99000000000007
2019-09-17,2.799999999999997,246.79000000000008
2019-09-18,-2.099999999999998,244.69000000000008
2019-09-19,-1.3300000000000018,243.36000000000007
2019-09-20,-3.6899999999999995,239.67000000000007
2019-09-23,-4.85,234.82000000000008
2019-09-24,-5.099999999999999,229.72000000000008
2019-09-25,0.8399999999999999,230.5600000000001
2019-09-26,-4.32,226.2400000000001
2019-09-27,-2.0,224.2400000000001
2019-09-30,-0.30000000000000004,223.94000000000008
2019-10-01,20.2,244.14000000000007
2019-10-02,-10.059999999999999,234.08000000000007
2019-10-03,1.58,235.66000000000008
2019-10-04,5.83,241.4900000000001
2019-10-07,0.0,241.4900000000001
2019-10-08,-14.0,227.4900000000001
2019-10-09,4.049999999999997,231.54000000000008
2019-10-10,5.399999999999999,236.94000000000008
2019-10-11,26.73000000000001,263.6700000000001
2019-10-14,-18.110000000000007,245.56000000000006
2019-10-15,20.499999999999993,266.06000000000006
2019-10-16,-8.530000000000001,257.5300000000001
2019-10-17,5.659999999999997,263.19000000000005
2019-10-18,-15.269999999999989,247.92000000000007
2019-10-21,12.270000000000003,260.19000000000005
2019-10-22,8.469999999999999,268.6600000000001
2019-10-23,0.04999999999999716,268.7100000000001
2019-10-24,0.0,268.7100000000001
2019-10-25,6.88000000000001,275.5900000000001
2019-10-28,0.0,275.5900000000001
2019-10-29,0.0,275.5900000000001
2019-10-30,7.6699999999999875,283.2600000000001
2019-10-31,0.0,283.2600000000001
2019-11-01,0.0,283.2600000000001
2019-11-05,0.0,283.2600000000001
2019-11-06,-3.0199999999999925,280.2400000000001
2019-11-07,5.290000000000003,285.53000000000014
2019-11-08,1.6599999999999966,287.19000000000017
2019-11-11,-3.1299999999999955,284.0600000000002
2019-11-12,2.519999999999996,286.58000000000015
2019-11-13,1.6099999999999994,288.19000000000017
2019-11-14,-0.05999999999999517,288.13000000000017
2019-11-18,0.0,288.13000000000017
2019-11-19,-1.620000000000001,286.51000000000016
2019-11-20,-7.249999999999998,279.26000000000016
2019-11-21,-2.0200000000000005,277.2400000000002
2019-11-22,-0.6799999999999997,276.5600000000002
2019-11-29,0.0,276.5600000000002
2019-12-02,5.12,281.6800000000002
2019-12-03,-2.2700000000000014,279.4100000000002
2019-12-04,1.299999999999999,280.7100000000002
2019-12-09,0.0,280.7100000000002
2019-12-10,-4.5000000000000036,276.2100000000002
2019-12-11,5.2500000000000036,281.4600000000002
2019-12-13,0.0,281.4600000000002
2019-12-16,13.220000000000002,294.68000000000023
2019-12-17,0.0,294.68000000000023
2019-12-18,-0.3999999999999986,294.28000000000026
2019-12-19,5.75,300.03000000000026
2019-12-23,0.0,300.03000000000026
2019-12-24,-0.1399999999999988,299.89000000000027
2019-12-26,5.24,305.1300000000003
2019-12-27,0.0,305.1300000000003
2019-12-30,-8.850000000000001,296.28000000000026
2019-12-31,-1.5,294.78000000000026
2020-01-03,0.0,294.78000000000026
2020-01-06,-0.12999999999999545,294.65000000000026
2020-01-07,0.0,294.65000000000026
2020-01-08,9.519999999999996,304.17000000000024
2020-01-10,0.0,304.17000000000024
2020-01-13,9.09,313.2600000000002
2020-01-14,0.0,313.2600000000002
2020-01-15,-0.09999999999999787,313.1600000000002
2020-01-21,0.0,313.1600000000002
2020-01-22,0.23000000000000043,313.3900000000002
2020-01-23,-0.9899999999999984,312.4000000000002
2020-01-24,-9.44,302.9600000000002
2020-01-27,-9.89,293.0700000000002
2020-01-28,1.9000000000000004,294.9700000000002
2020-01-29,0.0,294.9700000000002
2020-01-30,2.6000000000000014,297.5700000000002
2020-01-31,0.0,297.5700000000002
2020-02-03,9.270000000000008,306.8400000000002
2020-02-04,-3.3400000000000034,303.5000000000002
2020-02-06,0.0,303.5000000000002
2020-02-07,-7.170000000000002,296.3300000000002
2020-02-10,8.990000000000009,305.3200000000002
2020-02-11,3.6499999999999986,308.9700000000002
2020-02-12,7.319999999999993,316.2900000000002
2020-02-13,-0.35999999999999943,315.9300000000002
2020-02-14,-3.8999999999999986,312.0300000000002
2020-02-18,-4.3700000000000045,307.6600000000002
2020-02-19,11.240000000000002,318.9000000000002
2020-02-20,0.0,318.9000000000002
2020-02-21,-14.229999999999999,304.6700000000002
2020-02-24,-8.700000000000001,295.9700000000002
2020-02-25,-0.75,295.2200000000002
2020-02-26,-0.2,295.0200000000002
2020-02-27,0.0,295.0200000000002
2020-02-28,0.0,295.0200000000002
2020-03-02,0.5500000000000002,295.5700000000002
2020-03-03,0.0,295.5700000000002
2020-03-04,-2.8299999999999983,292.74000000000024
2020-03-05,0.0,292.74000000000024
2020-03-06,-44.0,248.74000000000024
2020-03-09,-58.67,190.07000000000022
2020-03-10,11.100000000000001,201.17000000000021
2020-03-12,0.0,201.17000000000021
2020-03-13,0.0,201.17000000000021
2020-03-18,0.0,201.17000000000021
2020-03-19,44.29999999999998,245.4700000000002
2020-03-20,-47.55999999999999,197.9100000000002
2020-03-23,-72.7,125.21000000000019
2020-03-24,56.35000000000001,181.5600000000002
2020-03-27,0.0,181.5600000000002
2020-03-30,17.379999999999995,198.9400000000002
2020-03-31,0.0,198.9400000000002
2020-04-01,15.650000000000002,214.5900000000002
2020-04-02,-13.25,201.3400000000002
2020-04-03,0.0,201.3400000000002
2020-04-06,0.0,201.3400000000002
2020-04-07,0.0,201.3400000000002
2020-04-08,13.900000000000006,215.2400000000002
2020-04-13,0.0,215.2400000000002
2020-04-14,-1.7399999999999949,213.50000000000023
2020-04-15,0.0,213.50000000000023
2020-04-16,-0.6000000000000085,212.9000000000002
2020-04-23,0.0,212.9000000000002
2020-04-24,9.699999999999996,222.6000000000002
2020-04-27,24.10000000000001,246.70000000000022
2020-04-28,0.0,246.70000000000022
2020-04-29,43.489999999999995,290.1900000000002
2020-05-01,0.0,290.1900000000002
2020-05-04,-13.690000000000012,276.5000000000002
2020-05-05,23.900000000000006,300.4000000000002
2020-05-06,0.0,300.4000000000002
2020-05-07,11.989999999999995,312.3900000000002
2020-05-11,0.0,312.3900000000002
2020-05-12,-16.71,295.68000000000023
2020-05-13,-16.22,279.46000000000026
2020-05-14,2.9800000000000004,282.4400000000003
2020-05-15,0.0,282.4400000000003
2020-05-18,55.81000000000001,338.2500000000003
2020-05-19,0.0,338.2500000000003
2020-05-20,18.83,357.08000000000027
2020-05-21,0.0,357.08000000000027
2020-05-22,-1.3500000000000014,355.73000000000025
2020-05-26,16.9,372.6300000000002
2020-05-27,0.0,372.6300000000002
2020-05-28,-5.920000000000002,366.7100000000002
2020-05-29,-4.12,362.5900000000002
2020-06-01,35.83,398.4200000000002
2020-06-02,-0.7199999999999989,397.70000000000016
2020-06-03,-5.260000000000005,392.44000000000017
2020-06-11,0.0,392.44000000000017
2020-06-12,-3.3700000000000045,389.07000000000016
2020-06-15,0.0,389.07000000000016
2020-06-16,27.030000000000015,416.1000000000002
2020-06-17,-5.500000000000014,410.6000000000002
2020-06-19,-24.549999999999997,386.0500000000002
2020-06-22,0.0,386.0500000000002
2020-06-23,18.710000000000008,404.7600000000002
2020-06-24,-54.09000000000001,350.6700000000002
2020-06-25,1.9299999999999997,352.6000000000002
2020-06-26,-29.699999999999996,322.9000000000002
2020-06-29,-1.79,321.1100000000002
2020-07-01,0.0,321.1100000000002
2020-07-02,6.8500000000000085,327.9600000000002
2020-07-06,17.909999999999997,345.87000000000023
2020-07-07,0.0,345.87000000000023
2020-07-08,3.760000000000005,349.6300000000002
2020-07-09,-5.299999999999997,344.3300000000002
2020-07-10,13.599999999999994,357.9300000000002
2020-07-13,-9.139999999999986,348.7900000000002
2020-07-14,16.83999999999999,365.63000000000017
2020-07-15,0.0,365.63000000000017
2020-07-16,-16.430000000000007,349.20000000000016
2020-07-17,3.3100000000000023,352.51000000000016
2020-07-20,12.5,365.01000000000016
2020-07-21,3.510000000000005,368.52000000000015
2020-07-22,-3.5500000000000043,364.97000000000014
2020-07-23,-16.85,348.1200000000001
2020-07-24,-15.93,332.1900000000001
2020-07-27,5.23,337.42000000000013
2020-07-28,-11.0,326.42000000000013
2020-07-29,16.19,342.6100000000001
2020-07-30,-12.240000000000002,330.3700000000001
2020-07-31,9.980000000000004,340.35000000000014
2020-08-03,78.85,419.20000000000016
2020-08-04,0.789999999999992,419.9900000000001
2020-08-05,11.980000000000004,431.97000000000014
2020-08-06,2.1399999999999864,434.1100000000001
2020-08-07,0.0,434.1100000000001
2020-08-10,12.26000000000002,446.3700000000001
2020-08-11,10.969999999999999,457.34000000000015
2020-08-12,14.609999999999985,471.95000000000016
2020-08-13,-23.319999999999993,448.63000000000017
2020-08-14,2.009999999999991,450.64000000000016
2020-08-17,1.0,451.64000000000016
2020-08-18,0.4000000000000057,452.0400000000002
2020-08-19,9.120000000000005,461.1600000000002
2020-08-20,-1.5200000000000102,459.6400000000002
2020-08-21,0.46999999999999886,460.11000000000024
2020-08-24,0.4000000000000057,460.5100000000002
2020-08-25,48.48000000000002,508.99000000000024
2020-08-26,-17.409999999999997,491.58000000000027
2020-08-27,52.34,543.9200000000003
2020-08-28,-9.240000000000038,534.6800000000003
2020-08-31,5.800000000000011,540.4800000000002
2020-09-01,-36.13999999999996,504.34000000000026
2020-09-02,39.579999999999984,543.9200000000003
2020-09-03,-58.32000000000002,485.60000000000025
2020-09-04,-0.23999999999998067,485.36000000000024
2020-09-08,-26.80000000000001,458.56000000000023
2020-09-09,-10.539999999999992,448.0200000000002
2020-09-10,0.0,448.0200000000002
2020-09-11,0.0,448.0200000000002
2020-09-14,-14.670000000000002,433.3500000000002
2020-09-15,0.0,433.3500000000002
2020-09-16,-4.229999999999997,429.1200000000002
2020-09-17,-15.52,413.6000000000002
2020-09-18,-15.030000000000001,398.57000000000016
2020-09-21,-10.179999999999998,388.39000000000016
2020-09-22,2.7700000000000014,391.16000000000014
2020-09-23,-8.040000000000001,383.1200000000001
2020-09-24,-0.1499999999999999,382.97000000000014
2020-09-25,0.8500000000000001,383.82000000000016
2020-09-29,0.0,383.82000000000016
2020-09-30,14.36,398.1800000000002
2020-10-01,10.050000000000004,408.2300000000002
2020-10-02,-0.10000000000000142,408.13000000000017
2020-10-05,4.769999999999989,412.90000000000015
2020-10-06,0.0,412.90000000000015
2020-10-07,29.72,442.6200000000001
2020-10-08,0.0,442.6200000000001
2020-10-09,11.809999999999995,454.4300000000001
2020-10-12,37.08,491.5100000000001
2020-10-13,0.0,491.5100000000001
2020-10-14,-10.450000000000003,481.0600000000001
2020-10-15,-5.909999999999997,475.1500000000001
2020-10-16,0.5900000000000034,475.7400000000001
2020-10-19,-24.320000000000007,451.42000000000013
2020-10-20,4.320000000000004,455.7400000000001
2020-10-21,-5.050000000000004,450.6900000000001
2020-10-22,-0.01999999999999602,450.67000000000013
2020-10-23,-1.6300000000000026,449.04000000000013
2020-10-26,-12.1,436.9400000000001
2020-10-27,-2.0,434.9400000000001
2020-10-28,-1.2799999999999998,433.66000000000014
2020-10-29,-0.04999999999999999,433.6100000000001
2020-10-30,-0.020000000000000004,433.59000000000015
2020-11-02,19.55,453.14000000000016
2020-11-03,0.0,453.14000000000016
2020-11-04,39.77999999999997,492.92000000000013
2020-11-10,0.0,492.92000000000013
2020-11-11,2.5,495.42000000000013
2020-11-12,-17.42,478.0000000000001
2020-11-13,19.300000000000004,497.3000000000001
2020-11-16,23.560000000000002,520.8600000000001
2020-11-17,0.0,520.8600000000001
2020-11-18,-14.080000000000005,506.78000000000014
2020-11-19,1.4300000000000033,508.21000000000015
2020-11-20,-8.930000000000003,499.28000000000014
2020-11-23,-1.3199999999999985,497.96000000000015
2020-11-24,25.43,523.3900000000001
2020-11-25,-6.230000000000004,517.1600000000001
2020-11-30,-24.149999999999995,493.0100000000001
2020-12-01,73.33999999999999,566.3500000000001
2020-12-07,0.0,566.3500000000001
2020-12-08,8.100000000000009,574.4500000000002
2020-12-09,-16.200000000000003,558.2500000000001
2020-12-10,1.8699999999999974,560.1200000000001
2020-12-11,-7.049999999999997,553.0700000000002
2020-12-14,-5.1000000000000085,547.9700000000001
2020-12-15,13.730000000000004,561.7000000000002
2020-12-16,6.269999999999996,567.9700000000001
2020-12-17,6.240000000000002,574.2100000000002
2020-12-18,-13.629999999999995,560.5800000000002
2020-12-21,-4.400000000000006,556.1800000000002
2020-12-22,-9.619999999999997,546.5600000000002
2020-12-23,3.039999999999999,549.6000000000001
2020-12-28,18.330000000000005,567.9300000000002
2020-12-29,-7.130000000000003,560.8000000000002
2020-12-30,-5.140000000000001,555.6600000000002
2020-12-31,16.340000000000003,572.0000000000002
2021-01-04,24.109999999999992,596.1100000000002
2021-01-05,7.439999999999998,603.5500000000002
2021-01-06,27.909999999999997,631.4600000000002
2021-01-07,-4.799999999999997,626.6600000000002
2021-01-11,0.0,626.6600000000002
2021-01-12,-1.3900000000000006,625.2700000000002
2021-01-13,-0.38000000000000256,624.8900000000002
2021-01-14,-7.329999999999998,617.5600000000002
2021-01-15,-16.770000000000003,600.7900000000002
2021-01-19,7.570000000000007,608.3600000000002
2021-01-20,32.95,641.3100000000003
2021-01-21,-3.930000000000007,637.3800000000003
2021-01-22,-10.169999999999995,627.2100000000004
2021-01-25,1.519999999999996,628.7300000000004
2021-01-26,-3.3399999999999963,625.3900000000003
2021-01-27,-43.68000000000001,581.7100000000003
2021-01-28,0.0,581.7100000000003
2021-01-29,-16.55,565.1600000000003
2021-02-01,68.92,634.0800000000003
2021-02-03,0.0,634.0800000000003
2021-02-04,14.049999999999997,648.1300000000002
2021-02-08,0.0,648.1300000000002
2021-02-09,0.19000000000000483,648.3200000000003
2021-02-10,-0.8800000000000026,647.4400000000003
2021-02-11,-0.3400000000000034,647.1000000000003
2021-02-12,7.070000000000007,654.1700000000003
2021-02-16,0.0,654.1700000000003
2021-02-17,-2.6700000000000017,651.5000000000003
2021-02-18,-9.709999999999997,641.7900000000003
2021-02-19,-7.050000000000004,634.7400000000004
2021-02-22,-11.669999999999998,623.0700000000004
2021-02-23,-1.3499999999999996,621.7200000000004
2021-02-24,10.700000000000001,632.4200000000004
2021-02-25,0.0,632.4200000000004
2021-03-01,39.969999999999985,672.3900000000004
2021-03-02,0.0,672.3900000000004
2021-03-03,-10.799999999999997,661.5900000000005
2021-03-04,-38.110000000000014,623.4800000000005
2021-03-05,24.01,647.4900000000005
2021-03-08,0.0,647.4900000000005
2021-03-09,18.799999999999997,666.2900000000004
2021-03-10,0.0,666.2900000000004
2021-03-11,21.859999999999992,688.1500000000004
2021-03-12,-5.670000000000002,682.4800000000005
2021-03-15,8.480000000000004,690.9600000000005
2021-03-16,-3.5799999999999983,687.3800000000005
2021-03-17,6.450000000000003,693.8300000000005
2021-03-18,0.0,693.8300000000005
2021-03-19,-6.049999999999997,687.7800000000005
2021-03-22,7.369999999999997,695.1500000000005
2021-03-23,-21.09,674.0600000000005
2021-03-24,-6.129999999999999,667.9300000000005
2021-03-25,-1.4499999999999993,666.4800000000005
2021-03-26,23.48,689.9600000000005
2021-03-29,0.0,689.9600000000005
2021-03-30,-10.519999999999998,679.4400000000005
2021-03-31,4.829999999999998,684.2700000000006
2021-04-01,28.36,712.6300000000006
2021-04-05,14.509999999999998,727.1400000000006
2021-04-06,3.030000000000001,730.1700000000005
2021-04-07,1.3999999999999915,731.5700000000005
2021-04-08,-3.4499999999999886,728.1200000000006
2021-04-09,9.920000000000002,738.0400000000005
2021-04-12,-8.719999999999985,729.3200000000005
2021-04-13,6.029999999999973,735.3500000000005
2021-04-14,-3.539999999999992,731.8100000000005
2021-04-15,5.749999999999986,737.5600000000005
2021-04-16,2.0300000000000296,739.5900000000006
2021-04-19,-6.650000000000006,732.9400000000006
2021-04-20,-2.490000000000009,730.4500000000006
2021-04-21,-2.309999999999974,728.1400000000007
2021-04-22,0.7299999999999756,728.8700000000007
2021-04-23,-5.859999999999999,723.0100000000007
2021-04-26,20.960000000000008,743.9700000000007
2021-04-27,-6.240000000000009,737.7300000000007
2021-04-28,5.950000000000017,743.6800000000007
2021-04-29,-1.3300000000000125,742.3500000000007
2021-04-30,0.0,742.3500000000007
2021-05-03,0.0,742.3500000000007
2021-05-04,0.0,742.3500000000007
2021-05-05,0.009999999999990905,742.3600000000007
2021-05-06,9.089999999999996,751.4500000000007
2021-05-07,24.460000000000008,775.9100000000008
2021-05-10,-3.1700000000000017,772.7400000000008
2021-05-11,-41.95,730.7900000000008
2021-05-12,-22.349999999999994,708.4400000000007
2021-05-13,11.299999999999997,719.7400000000007
2021-05-17,0.0,719.7400000000007
2021-05-18,-13.149999999999999,706.5900000000007
2021-05-19,-14.950000000000001,691.6400000000007
2021-05-20,20.770000000000003,712.4100000000007
2021-05-21,-4.740000000000002,707.6700000000006
2021-05-24,18.119999999999997,725.7900000000006
2021-05-25,-10.979999999999997,714.8100000000006
2021-05-26,0.2600000000000051,715.0700000000006
2021-05-27,4.369999999999997,719.4400000000006
2021-05-28,6.960000000000001,726.4000000000007
2021-06-01,0.0,726.4000000000007
2021-06-02,-3.9499999999999957,722.4500000000006
2021-06-03,0.0,722.4500000000006
2021-06-04,11.609999999999992,734.0600000000006
2021-06-07,0.0,734.0600000000006
2021-06-08,1.9100000000000037,735.9700000000006
2021-06-09,-1.6600000000000037,734.3100000000006
2021-06-10,1.9500000000000028,736.2600000000007
2021-06-11,-2.5600000000000023,733.7000000000007
2021-06-14,0.0,733.7000000000007
2021-06-15,-0.129999999999999,733.5700000000007
2021-06-16,-10.799999999999997,722.7700000000008
2021-06-17,-5.030000000000001,717.7400000000008
2021-06-18,-7.78,709.9600000000008
2021-06-21,4.05,714.0100000000008
2021-06-22,5.030000000000001,719.0400000000008
2021-06-23,-4.500000000000002,714.5400000000008
2021-06-24,9.360000000000001,723.9000000000008
2021-06-25,9.14,733.0400000000008
2021-06-28,2.6999999999999957,735.7400000000008
2021-06-29,-0.75,734.9900000000008
2021-06-30,6.940000000000005,741.9300000000009
2021-07-01,29.86999999999999,771.8000000000009
2021-07-02,17.210000000000008,789.0100000000009
2021-07-06,0.0,789.0100000000009
2021-07-07,9.590000000000003,798.6000000000009
2021-07-08,0.0,798.6000000000009
2021-07-09,20.619999999999997,819.2200000000009
2021-07-12,0.0,819.2200000000009
2021-07-13,-5.600000000000001,813.6200000000009
2021-07-14,0.6300000000000026,814.2500000000009
2021-07-15,-9.52,804.7300000000009
2021-07-16,-10.86,793.8700000000009
2021-07-19,-13.920000000000002,779.950000000001
2021-07-20,10.610000000000001,790.560000000001
2021-07-21,0.0,790.560000000001
2021-07-22,1.129999999999999,791.690000000001
2021-07-27,0.0,791.690000000001
2021-07-28,-6.300000000000001,785.390000000001
2021-07-29,7.029999999999998,792.420000000001
2021-07-30,0.0,792.420000000001
2021-08-02,0.0,792.420000000001
2021-08-03,0.0,792.420000000001
2021-08-10,0.0,792.420000000001
2021-08-11,1.3200000000000003,793.740000000001
2021-08-17,0.0,793.740000000001
2021-08-18,-11.950000000000003,781.790000000001
2021-08-19,-0.9299999999999997,780.860000000001
2021-08-20,4.52,785.380000000001
2021-08-24,0.0,785.380000000001
2021-08-25,3.289999999999999,788.670000000001
2021-08-26,0.0,788.670000000001
2021-08-27,23.3,811.9700000000009
2021-09-01,0.0,811.9700000000009
2021-09-02,1.5,813.4700000000009
2021-09-03,0.0,813.4700000000009
2021-09-08,-13.410000000000004,800.060000000001
2021-09-10,-10.919999999999998,789.140000000001
2021-09-13,-7.619999999999997,781.520000000001
2021-09-14,0.0,781.520000000001
2021-09-16,9.899999999999984,791.420000000001
2021-09-17,-22.82999999999999,768.5900000000009
2021-09-20,-27.539999999999996,741.050000000001
2021-09-21,3.66,744.710000000001
2021-09-22,-3.6900000000000013,741.0200000000009
2021-09-23,29.569999999999997,770.5900000000009
2021-09-24,0.0,770.5900000000009
2021-09-27,-10.930000000000001,759.660000000001
2021-09-28,-10.45,749.210000000001
2021-09-29,-0.78,748.430000000001
2021-09-30,-0.06999999999999999,748.3600000000009
2021-10-01,22.67,771.0300000000009
2021-10-04,0.0,771.0300000000009
2021-10-05,32.46000000000001,803.4900000000009
2021-10-06,-8.320000000000007,795.1700000000009
2021-10-07,45.44999999999999,840.6200000000008
2021-10-08,-28.72999999999999,811.8900000000008
2021-10-11,-23.799999999999997,788.0900000000008
2021-10-12,-10.420000000000002,777.6700000000009
2021-10-13,-3.8100000000000023,773.8600000000008
2021-10-14,58.349999999999994,832.2100000000008
2021-10-15,27.930000000000007,860.1400000000008
2021-10-18,11.52000000000001,871.6600000000008
2021-10-19,28.840000000000003,900.5000000000008
2021-10-20,14.379999999999995,914.8800000000008
2021-10-21,15.509999999999991,930.3900000000008
2021-10-22,-3.969999999999999,926.4200000000008
2021-10-25,22.400000000000006,948.8200000000007
2021-10-26,28.600000000000023,977.4200000000008
2021-10-27,-18.450000000000045,958.9700000000007
2021-10-28,9.750000000000057,968.7200000000007
2021-10-29,19.799999999999955,988.5200000000007
2021-11-01,-58.599999999999966,929.9200000000008
2021-11-02,-8.920000000000016,921.0000000000007
2021-11-03,-10.829999999999984,910.1700000000008
2021-11-04,-5.900000000000006,904.2700000000008
2021-11-05,-19.02000000000001,885.2500000000008
2021-11-08,-7.779999999999973,877.4700000000008
2021-11-09,4.0,881.4700000000008
2021-11-10,33.66,915.1300000000008
2021-11-11,77.95999999999995,993.0900000000007
2021-11-12,12.670000000000016,1005.7600000000007
2021-11-15,0.0,1005.7600000000007
2021-11-16,12.689999999999998,1018.4500000000007
2021-11-17,0.0,1018.4500000000007
2021-11-18,6.449999999999996,1024.9000000000008
2021-11-19,0.0,1024.9000000000008
2021-11-22,-5.43,1019.4700000000008
2021-11-23,-0.629999999999999,1018.8400000000008
2021-11-24,0.28999999999999915,1019.1300000000008
2021-11-26,0.0,1019.1300000000008
2021-11-29,35.05000000000001,1054.1800000000007
2021-11-30,0.0,1054.1800000000007
2021-12-01,0.0,1054.1800000000007
2021-12-02,0.0,1054.1800000000007
2021-12-03,0.0,1054.1800000000007
2021-12-06,27.0,1081.1800000000007
2021-12-08,0.0,1081.1800000000007
2021-12-09,-14.490000000000002,1066.6900000000007
2021-12-10,12.089999999999996,1078.7800000000007
2021-12-13,-17.669999999999995,1061.1100000000006
2021-12-14,-15.199999999999996,1045.9100000000005
2021-12-15,25.799999999999997,1071.7100000000005
2021-12-16,0.0,1071.7100000000005
2021-12-17,-30.189999999999998,1041.5200000000004
2021-12-20,-22.109999999999996,1019.4100000000004
2021-12-21,19.860000000000003,1039.2700000000004
2021-12-22,0.0,1039.2700000000004
2021-12-23,21.199999999999996,1060.4700000000005
2021-12-27,33.39,1093.8600000000006
2021-12-28,0.0,1093.8600000000006
2021-12-29,2.0700000000000003,1095.9300000000005
2021-12-30,-11.21,1084.7200000000005
2021-12-31,-7.1499999999999995,1077.5700000000004
2022-01-03,36.53999999999999,1114.1100000000004
2022-01-04,-0.9899999999999949,1113.1200000000003
2022-01-05,-12.239999999999998,1100.8800000000003
2022-01-06,-3.7699999999999996,1097.1100000000004
2022-01-07,-2.8000000000000007,1094.3100000000004
2022-01-10,-7.149999999999999,1087.1600000000003
2022-01-11,8.2,1095.3600000000004
2022-01-12,0.7200000000000024,1096.0800000000004
2022-01-13,-8.590000000000002,1087.4900000000005
2022-01-14,-2.87,1084.6200000000006
2022-01-18,-4.9,1079.7200000000005
2022-01-19,-1.2999999999999998,1078.4200000000005
2022-01-20,0.04999999999999993,1078.4700000000005
2022-01-21,0.050000000000000044,1078.5200000000004
2022-01-24,-0.6199999999999999,1077.9000000000005
2022-01-25,0.0,1077.9000000000005
2022-01-26,-0.38,1077.5200000000004
2022-01-27,0.08,1077.6000000000004
2022-01-28,-0.05,1077.5500000000004
2022-02-01,0.0,1077.5500000000004
2022-02-02,1.5900000000000034,1079.1400000000003
2022-02-03,-16.86999999999999,1062.2700000000004
2022-02-04,0.7599999999999909,1063.0300000000004
2022-02-07,-15.100000000000001,1047.9300000000005
2022-02-08,6.830000000000005,1054.7600000000004
2022-02-09,26.819999999999993,1081.5800000000004
2022-02-10,-36.62,1044.9600000000005
2022-02-11,-7.920000000000002,1037.0400000000004
2022-02-14,-23.369999999999997,1013.6700000000004
2022-02-15,9.36,1023.0300000000004
2022-02-16,0.0,1023.0300000000004
2022-02-17,-30.16,992.8700000000005
2022-02-18,-12.740000000000002,980.1300000000005
2022-02-22,-8.81,971.3200000000005
2022-02-23,-2.3,969.0200000000006
2022-02-24,-0.49000000000000005,968.5300000000005
2022-02-28,0.0,968.5300000000005
2022-03-01,66.16,1034.6900000000005
2022-03-03,0.0,1034.6900000000005
2022-03-04,0.17000000000001592,1034.8600000000006
2022-03-07,-66.99000000000001,967.8700000000006
2022-03-08,1.5900000000000034,969.4600000000006
2022-03-09,4.920000000000002,974.3800000000006
2022-03-10,0.0,974.3800000000006
2022-03-11,-14.14,960.2400000000006
2022-03-14,-34.57,925.6700000000005
2022-03-15,21.919999999999995,947.5900000000005
2022-03-18,0.0,947.5900000000005
2022-03-21,1.1399999999999935,948.7300000000005
2022-03-22,25.240000000000002,973.9700000000005
2022-03-23,0.0,973.9700000000005
2022-03-24,13.47999999999999,987.4500000000005
2022-03-25,0.0,987.4500000000005
2022-03-28,8.520000000000003,995.9700000000005
2022-03-29,52.98,1048.9500000000005
2022-03-30,0.0,1048.9500000000005
2022-03-31,-16.05,1032.9000000000005
2022-04-01,22.089999999999996,1054.9900000000005
2022-04-04,11.170000000000002,1066.1600000000005
2022-04-05,-13.73,1052.4300000000005
2022-04-06,-4.159999999999998,1048.2700000000004
2022-04-07,4.880000000000001,1053.1500000000005
2022-04-08,-7.9,1045.2500000000005
2022-04-11,-6.040000000000001,1039.2100000000005
2022-04-12,-2.509999999999999,1036.7000000000005
2022-04-13,2.55,1039.2500000000005
2022-04-14,0.0,1039.2500000000005
2022-04-18,-32.92999999999999,1006.3200000000005
2022-04-19,42.92,1049.2400000000005
2022-04-20,0.0,1049.2400000000005
2022-04-21,-25.670000000000005,1023.5700000000005
2022-04-22,-18.669999999999998,1004.9000000000005
2022-04-25,-1.5299999999999998,1003.3700000000006
2022-04-26,-1.3900000000000001,1001.9800000000006
2022-04-27,-0.57,1001.4100000000005
2022-04-28,-0.11000000000000004,1001.3000000000005
2022-04-29,0.0,1001.3000000000005
2022-05-02,0.0,1001.3000000000005
2022-05-03,0.0,1001.3000000000005
2022-05-04,0.0,1001.3000000000005
2022-05-05,0.0,1001.3000000000005
2022-05-06,-22.819999999999993,978.4800000000005
2022-05-09,0.0,978.4800000000005
2022-05-10,-47.010000000000005,931.4700000000005
2022-05-12,-13.719999999999995,917.7500000000005
2022-05-13,7.779999999999998,925.5300000000004
2022-05-16,0.0,925.5300000000004
2022-05-17,0.0,925.5300000000004
2022-05-18,0.0,925.5300000000004
2022-05-19,-18.600000000000016,906.9300000000004
2022-05-20,-18.699999999999996,888.2300000000004
2022-05-23,-0.20000000000000284,888.0300000000003
2022-05-24,0.0,888.0300000000003
2022-05-25,4.550000000000004,892.5800000000003
2022-05-26,71.32,963.9000000000003
2022-05-31,0.0,963.9000000000003
2022-06-01,30.900000000000002,994.8000000000003
2022-06-03,0.0,994.8000000000003
2022-06-06,28.429999999999993,1023.2300000000002
2022-06-07,0.0,1023.2300000000002
2022-06-08,-35.599999999999994,987.6300000000002
2022-06-09,0.0,987.6300000000002
2022-06-10,1.75,989.3800000000002
2022-06-13,-87.46,901.9200000000002
2022-06-14,-3.8400000000000003,898.0800000000002
2022-06-15,0.19999999999999973,898.2800000000002
2022-06-16,0.0,898.2800000000002
2022-06-21,-3.700000000000003,894.5800000000002
2022-06-22,-5.09999999999998,889.4800000000001
2022-06-23,-12.45000000000001,877.0300000000001
2022-06-27,6.1599999999999895,883.19
2022-06-28,3.260000000000005,886.45
2022-06-29,0.480000000000004,886.9300000000001
